<?xml version="1.0" encoding="UTF-8"?>
<beans xmlns="http://www.springframework.org/schema/beans"
       xmlns:context="http://www.springframework.org/schema/context"
       xmlns:p="http://www.springframework.org/schema/p"
       xmlns:aop="http://www.springframework.org/schema/aop"
       xmlns:security="http://www.springframework.org/schema/security"
       xmlns:xsi="http://www.w3.org/2001/XMLSchema-instance"
       xsi:schemaLocation="http://www.springframework.org/schema/beans
       http://www.springframework.org/schema/beans/spring-beans-4.2.xsd
    http://www.springframework.org/schema/context http://www.springframework.org/schema/context/spring-context-4.2.xsd
    http://www.springframework.org/schema/aop http://www.springframework.org/schema/aop/spring-aop-4.2.xsd
    http://www.springframework.org/schema/util http://www.springframework.org/schema/util/spring-util-4.2.xsd
    http://www.springframework.org/schema/security http://www.springframework.org/schema/security/spring-security-4.2.xsd">

    <!--
        auto-config="true" 表示自动加载SpringSecurity的配置文件
        use-expressions="true" 使用Spring的EL表达式
     -->
    <security:http auto-config="true" use-expressions="true">

        <security:intercept-url pattern="/login.jsp" access="permitAll()"></security:intercept-url>
        <!--<security:intercept-url pattern="/login.do" access="permitAll()"></security:intercept-url>-->

        <!--
            拦截资源
            pattern="/**" 拦截所有的资源
            access="hasAnyRole('role1')" 表示只有role1这个角色可以访问资源
         -->
        <security:intercept-url pattern="/**" access="hasAnyRole('ROLE_USER')"></security:intercept-url>

        <!--
            配置认证信息
             login-page="/login.jsp"  自定义的登录页面
             login-processing-url="/login" security中处理登录的请求
             default-target-url="/home.jsp" 默认的跳转地址
             authentication-failure-url="/failure.jsp" 登录失败的跳转地址

        <security:form-login
            login-page="/login.jsp"
            login-processing-url="/login"
            default-target-url="/home.jsp"
            authentication-failure-url="/failure.jsp"
        />-->
        <!-- 配置退出的登录信息
        <security:logout logout-url="/logout"
                         logout-success-url="/login.jsp" />
        <security:csrf disabled="true"/>-->
    </security:http>

    <!-- 设置认证用户来源  noop：SpringSecurity中默认 密码验证是要加密的  noop表示不加密 -->
    <security:authentication-manager>
        <security:authentication-provider>
            <security:user-service>
                <security:user name="zhang" password="{noop}123" authorities="ROLE_USER"></security:user>
                <security:user name="lisi" password="{noop}123" authorities="ROLE_ADMIN"></security:user>
            </security:user-service>
        </security:authentication-provider>
    </security:authentication-manager>

</beans>
